<?xml version="1.0" encoding="UTF-8"?>
<!DOCTYPE configuration
  PUBLIC "-//mybatis.org//DTD Config 3.0//EN"
  "https://mybatis.org/dtd/mybatis-3-config.dtd">
  
<configuration>
	<typeAliases>
		<typeAlias type="spring.vo.chat.ChattingRoomInfoListVo" alias="chattingRoomInfosVo"/>
		<typeAlias type="spring.vo.chat.ChattingRoomBringingCommand" alias="chatRoomSearchInfoVo"/>
		<typeAlias type="spring.vo.chat.ChatInfoVo" alias="chatInfoVo"/>
		<typeAlias type="spring.vo.chat.ChatMessageVo" alias="chatMessageVo"/>
		<typeAlias type="spring.vo.chat.ChatProductInfoVo" alias="chatPdInfoVo"/>
		<typeAlias type="spring.vo.chat.ChatParticipantsVo" alias="chatMemberVo"/>
		
		<typeAlias type="spring.vo.admin.CountByYearVo" alias="cYearVo"/>
		<typeAlias type="spring.vo.admin.CountByMonthVo" alias="cMonthVo"/>
		<typeAlias type="spring.vo.admin.CountByCategory" alias="cCategoryVo"/>
		<typeAlias type="spring.vo.admin.CategoryAdminVo" alias="cCategory"/>

		<typeAlias type="spring.vo.member.Member" alias="member"/>
		<typeAlias type="spring.vo.member.ChangeMemberInfoCommand" alias="changeCommand"/>
		
		<typeAlias type="spring.vo.product.ProductVO" alias="ProductVO"/>
		<typeAlias type="spring.vo.product.Product1VO" alias="Product1VO"/>
		<typeAlias type="spring.vo.product.CategoryVO" alias="CategoryVO"/>
		<typeAlias type="spring.vo.product.ProductImageVO" alias="ProductImageVO"/>
		
		<typeAlias type="spring.vo.product.PagingInfoVO" alias="PagingInfo"/>
		<typeAlias type="spring.vo.product.ProductListVO" alias="pListVO"/>
		
		<typeAlias type="spring.vo.search.Search" alias="search"/>
	</typeAliases>
	
</configuration>
