<?xml version="1.0" encoding="UTF-8"?>
<!DOCTYPE mapper
  PUBLIC "-//mybatis.org//DTD Mapper 3.0//EN"
  "https://mybatis.org/dtd/mybatis-3-mapper.dtd">
  
<mapper namespace="mybatis.mapper.chat">
	
	<select id="selectChattingRoomByPId" parameterType="String" resultType="chattingRoomInfosVo">
		SELECT c.c_id, p_id, p_name, nickname AS "chatMember", 'sell' AS "type"
		FROM
			(SELECT c_id, p.p_id, p_name
				FROM chatInfomation ci, productDetail p
				WHERE ci.p_id=p.p_id) c,
			(SELECT c_id, nickname
				FROM chatParticipants cp, member b
				WHERE sender_email=email) m
		WHERE c.c_id = m.c_id
			AND p_id=#{p_id}
	</select>
	
	<select id="selectAllChatRoomByEmil" parameterType="String" resultType="chattingRoomInfosVo">
		SELECT c.c_id, c.p_id, p_name, nickname AS "chatMember", 'sell' AS "type"
		FROM (SELECT c_id, p.p_id, p_name
				FROM chatInfomation ci, product p, productDetail pd
				WHERE ci.p_id=p.p_id
					AND p.p_id=pd.p_id
					AND p.email=#{email}) c,
            (SELECT c_id, nickname
            	FROM chatParticipants cp, member b 
            	WHERE sender_email=email) m
		WHERE c.c_id=m.c_id
		UNION
		SELECT c.c_id, c.p_id, p_name, nickname AS "chatMember", 'buy' AS "type"
		FROM (SELECT cp.c_id, pd.p_id, p_name
				FROM (SELECT c_id
						FROM chatParticipants
						WHERE sender_email=#{email}) cp,
					chatInfomation ci,
					productDetail pd
				WHERE cp.c_id=ci.c_id
					AND ci.p_id=pd.p_id) c,
            (SELECT c_id, nickname
            	FROM chatInfomation ci, product p, member b
            	WHERE ci.p_id=p.p_id
            		AND p.email=b.email) m
		WHERE c.c_id=m.c_id
	</select>
	
	<select id="selectChattingRoom" parameterType="chatRoomSearchInfoVo" resultType="String">
 		SELECT c_id
 		FROM chatInfomation
 		WHERE c_id IN (SELECT c_id
 							FROM chatParticipants
 							WHERE sender_email=#{email})
 			AND p_id=#{p_id}
 	</select>
 	
	<select id="selectProductByChatRoomId" parameterType="String" resultType="chatPdInfoVo">
 		SELECT p_id, p_name
		FROM productDetail
		WHERE p_id=(SELECT p_id
						FROM chatInfomation
						WHERE c_id=#{c_id})
	</select>
	
	<select id="selectProductImg" parameterType="String" resultType="ProductImageVO">
		SELECT * FROM productPic
		    	WHERE uuid = (SELECT min(uuid)
		    					FROM productPic
		    					WHERE p_id=#{p_id}
		    					GROUP BY p_id)
	</select>
	
	<select id="insertNewChatRoomInfo" parameterType="chatRoomSearchInfoVo" statementType="CALLABLE">
 		{CALL newChattingRoom(
 			#{p_id  , mode=IN , jdbcType=VARCHAR}
		    , #{email  , mode=IN , jdbcType=VARCHAR}
		    , #{c_id , mode=OUT, jdbcType=VARCHAR}
 		)}
 	</select>
 	
 	<select id="selectAllMessages" parameterType="String" resultType="chatMessageVo">
 		SELECT message, messType, sender, read, send_date, nickname
 		FROM chatMessage c, member m
 		WHERE c.sender = m.email
 			AND c_id=#{c_id}
 		ORDER BY TO_CHAR(send_date, 'YYYYMMDDHH24MISS') ASC
 	</select>
 	
 	<insert id="insertMessage" parameterType="chatMessageVo">
 		<selectKey resultType="long" keyProperty="idx" order="BEFORE">
	        SELECT chatMessage_seq.NEXTVAL FROM dual
	    </selectKey>
 		INSERT INTO chatMessage
 		VALUES(#{idx}, #{c_id}, #{message}, #{messType}, #{sender}, 1, sysdate)
 	</insert>
 	
 	<select id="selectSendedMessage" parameterType="long" resultType="chatMessageVo">
 		SELECT *
 		FROM chatMessage c, member m
 		WHERE c.sender = m.email AND idx=#{idx}
 	</select>
 	
 	<select id="selectNicknameByEmil" parameterType="String" resultType="String">
 		SELECT nickname FROM member WHERE email=#{email}
 	</select>
 	
 	<update id="readAllMessage" parameterType="chatMessageVo">
 		UPDATE chatMessage
		SET read=0
		WHERE c_id=#{c_id}
			<![CDATA[AND sender<>#{sender}]]>
			<![CDATA[AND send_date<=#{send_date}]]>
 	</update>
 	
 	<update id="readThisMessage">
 		UPDATE chatMessage
		SET read=0
		WHERE idx=#{idx}
 	</update>
 	
</mapper>