<?xml version="1.0" encoding="UTF-8"?>
<!DOCTYPE mapper
  PUBLIC "-//mybatis.org//DTD Mapper 3.0//EN"
  "https://mybatis.org/dtd/mybatis-3-mapper.dtd">
  
<mapper namespace="mybatis.mapper.member">	

	<sql id="selectAllMember">
		select * from member
	</sql>
	
	<select id="selectAll" resultType="member">
		<include refid="selectAllMember"/>
		order by email ASC
	</select>
	
	<select id="selectByEmail" resultType="member" parameterType="String">
		<include refid="selectAllMember"/>
		WHERE email=#{email}
	</select>
	
	<select id="getNickName" resultType="int" parameterType="String">
		select count(*) from
		member
		where nickname =#{nickname}
	</select>
	
	<select id="getEmail" resultType="int" parameterType="String">
		select count(*) from
		member
		where email =#{email}
	</select>
	
	<insert id="insertMember" parameterType="member">
		INSERT INTO member (email, password, birth, address, phone, name, nickname)
		VALUES(#{email},#{password},#{birth},
			   #{address},#{phone},#{name},#{nickname})
	</insert>
	
	<insert id="naverInsertMember" parameterType="member">
	 	INSERT INTO member (email, name, nickname)
		VALUES(#{email},#{name},#{nickname})
	</insert>
	
	<update id="updateMember" parameterType="member">
		UPDATE member 
		SET name = #{name},birth=#{birth},address=#{address},
			phone=#{phone},nickname=#{nickname}
		WHERE email=#{email}
	</update>
	
	<update id="updatePassword" parameterType="member">
		UPDATE member 
		SET password=#{password}
		WHERE email=#{email}
	</update>
	
  <delete id="deleteMember" parameterType="member">
    delete from member 
    where email = #{email}
  </delete>
  
</mapper>