<?xml version="1.0" encoding="UTF-8"?>
<!DOCTYPE mapper
  PUBLIC "-//mybatis.org//DTD Mapper 3.0//EN"
  "https://mybatis.org/dtd/mybatis-3-mapper.dtd">
  
<mapper namespace="mybatis.mapper.productList">
	
	<select id="countProductNumber" resultType="int">
		SELECT COUNT(*) FROM ProductDetail
	</select>
	
	<select id="countMyProductNumber" parameterType="String" resultType="int">
		SELECT COUNT(*)
		FROM productDetail pd, 
			(SELECT p_id, email, ROWNUM as rn
				FROM product
				WHERE email=#{email}) p
		WHERE pd.p_id = p.p_id
	</select>
	
	<select id="countMySelledNumber"  parameterType="String" resultType="int">
		SELECT COUNT(*)
		FROM (SELECT * FROM productDetail
				WHERE trade='CLEAR' or trade='clear') pd,
			 (SELECT p_id, email, ROWNUM as rn
				FROM product
				WHERE email=#{email}) p
		WHERE pd.p_id = p.p_id
	</select>
	
	<select id="countMyUnSelledNumber" parameterType="String" resultType="int">
		SELECT COUNT(*)
		FROM (SELECT * FROM productDetail
				WHERE trade='TRADE' or trade='trade') pd,
			 (SELECT p_id, email, ROWNUM as rn
			 	FROM product
			 	WHERE email=#{email}) p
		WHERE pd.p_id = p.p_id
	</select>
	
	<select id="countCategory" parameterType="String" resultType="int">
		SELECT COUNT(*)
		FROM (SELECT * FROM productDetail
				WHERE category=#{c}) pd,
			 product p
		WHERE pd.p_id = p.p_id
	</select>

	<sql id="selectPL">
		SELECT prod.*, f.fileName, f.uploadPath, f.uuid
		FROM
		    (SELECT * FROM productPic
		    	WHERE uuid IN (SELECT min(uuid)
		    					FROM productPic
		    					GROUP BY p_id)) f
		RIGHT OUTER JOIN
		    (SELECT pd.*, p.email
		    FROM productDetail pd,
		    	(SELECT ROWNUM AS rn, product.* FROM product) p
		    WHERE pd.p_id=p.p_id) prod
		ON f.p_id=prod.p_id
	</sql>
	
	<sql id="selectMyPL">
		SELECT prod.*, f.fileName, f.uploadPath, f.uuid
		FROM
		    (SELECT * FROM productPic
		    	WHERE uuid IN (SELECT min(uuid)
		    					FROM productPic
		    					GROUP BY p_id)) f
		RIGHT OUTER JOIN
		    (SELECT pd.*, p.email
		    FROM productDetail pd,
		    	(SELECT ROWNUM AS rn, product.*
		    	FROM product
		    	WHERE email=#{email}) p
		    WHERE pd.p_id=p.p_id) prod
		ON f.p_id=prod.p_id
	</sql>
	
	<sql id="paging">
		rn BETWEEN
			((#{s}-1)*(#{pis}*#{oip}) + (#{p}-1)*#{oip}+1)
		   AND
			((#{s}-1)*(#{pis}*#{oip})+(#{p}*#{oip}))
	</sql>

	<sql id="selectSeletedPL">
		SELECT * FROM 
			(SELECT ROWNUM AS rn, prodt.*
			FROM (<include refid="selectPL"/>
	</sql>
	
	<sql id="selectByCategory">
		<include refid="selectSeletedPL"/>
		WHERE category = #{c}
	</sql>
	
	<sql id="selectSeletedCategoryPL">
		SELECT * FROM 
			(SELECT ROWNUM AS rn, prodt.*
			FROM (<include refid="selectCategoryPL"/>
	</sql>

	<select id="selectAll"  parameterType="PagingInfo" resultType="pListVO">
		<include refid="selectSeletedPL"/>) prodt)
		WHERE <include refid="paging"/>
	</select>
	
	<select id="brandNew" parameterType="PagingInfo" resultType="pListVO">
		<include refid="selectSeletedPL"/>
			ORDER BY regdate DESC) prodt)
		WHERE <include refid="paging"/>		
	</select>
	
	<select id="priceLow" parameterType="PagingInfo" resultType="pListVO">
		<include refid="selectSeletedPL"/>
			ORDER BY price ASC) prodt)
		WHERE <include refid="paging"/>
	</select>
	
	<select id="priceHigh" parameterType="PagingInfo" resultType="pListVO">
		<include refid="selectSeletedPL"/>
			ORDER BY price DESC) prodt)
		WHERE <include refid="paging"/>	
	</select>
	
	<select id="viewsLevel"  parameterType="PagingInfo" resultType="pListVO">
		<include refid="selectSeletedPL"/>
			ORDER BY views DESC) prodt)
		WHERE <include refid="paging"/>	 
	</select>
		
	 <select id="category" parameterType="PagingInfo" resultType="pListVO">
	 	<include refid="selectByCategory"/>) prodt)
		WHERE <include refid="paging"/>
	</select> 
	
	<select id="cateBrandNew" parameterType="PagingInfo" resultType="pListVO">
		<include refid="selectByCategory"/>
			ORDER BY regdate DESC) prodt)
		WHERE <include refid="paging"/>
	</select>
	
	<select id="catePriceLow" parameterType="PagingInfo" resultType="pListVO">
		<include refid="selectByCategory"/>
			ORDER BY price ASC) prodt)
		WHERE <include refid="paging"/>
	</select>
	
	<select id="catePriceHigh" parameterType="PagingInfo" resultType="pListVO">
		<include refid="selectByCategory"/>
			ORDER BY price DESC) prodt)
		WHERE <include refid="paging"/>		
	</select>
	
	<select id="cateViewsLevel" parameterType="PagingInfo" resultType="pListVO">
		<include refid="selectByCategory"/>
			ORDER BY views DESC) prodt)
		WHERE <include refid="paging"/>	
	</select>
	
	<select id="myProductList" parameterType="PagingInfo" resultType="pListVO">
		SELECT * FROM
			(SELECT ROWNUM AS rn, prodt.*
			FROM (<include refid="selectMyPL"/>) prodt)
		WHERE <include refid="paging"/>
	</select>

	<select id="sellList" parameterType="PagingInfo" resultType="pListVO">
		SELECT * FROM
			(SELECT ROWNUM AS rn, prodt.*
			FROM (<include refid="selectMyPL"/>
					WHERE trade='CLEAR' or trade='clear') prodt)
		WHERE <include refid="paging"/>
	</select>
	
	<select id="unSellList"  parameterType="PagingInfo" resultType="pListVO">
		SELECT * FROM
			(SELECT ROWNUM AS rn, prodt.*
			FROM (<include refid="selectMyPL"/>
					WHERE trade='TRADE' or trade='trade') prodt)
		WHERE <include refid="paging"/>
	</select>
	
</mapper>