<?xml version="1.0" encoding="UTF-8"?>
<beans xmlns="http://www.springframework.org/schema/beans"
	xmlns:xsi="http://www.w3.org/2001/XMLSchema-instance"
	xmlns:context="http://www.springframework.org/schema/context"
	xsi:schemaLocation="http://www.springframework.org/schema/beans http://www.springframework.org/schema/beans/spring-beans.xsd
		http://www.springframework.org/schema/context http://www.springframework.org/schema/context/spring-context-4.3.xsd">
		
	<context:annotation-config/>
	<context:component-scan base-package="spring.service"/>
	
	<bean id="jsonParser" class="org.json.simple.parser.JSONParser"></bean>
	
<!-- 
	<bean id="jaonArr" class="org.json.simple.JSONArray"></bean>
	<bean id="jsonObj" class="org.json.simple.JSONObject"></bean>
-->

	<bean id="server" class="chat.server.SocketServer"></bean>

</beans>
