<?xml version="1.0" encoding="UTF-8"?>
<beans xmlns="http://www.springframework.org/schema/beans"
	xmlns:xsi="http://www.w3.org/2001/XMLSchema-instance"
	xmlns:websocket="http://www.springframework.org/schema/websocket"
	xmlns:context="http://www.springframework.org/schema/context"
	xsi:schemaLocation="http://www.springframework.org/schema/websocket http://www.springframework.org/schema/websocket/spring-websocket-4.3.xsd
		http://www.springframework.org/schema/beans http://www.springframework.org/schema/beans/spring-beans.xsd
		http://www.springframework.org/schema/context http://www.springframework.org/schema/context/spring-context-4.3.xsd">

	<context:annotation-config/>
	
<!--
	<websocket:handlers>
	    <websocket:mapping handler="chatHandler" path="/server"/>
        <websocket:sockjs />
    </websocket:handlers>
    
	<bean id="chatHandler" class="chat.server.ChattingWebSocket"/>
 -->
 
 	<bean id="cws" class="chat.server.ConnectionWebSocket"/>
 	<bean id="ws" class="chat.server.ChattingWebSocket"/>
 	
 
</beans>
